{
  "full_graph": {
    "auroc_mean": 0.9045918367346939,
    "auroc_std": 0.05021299904211062,
    "auprc_mean": 0.8964052650657284,
    "auprc_std": 0.03780577761596335
  },
  "no_microbe": {
    "auroc_mean": 0.8677295918367346,
    "auroc_std": 0.09632559829624918,
    "auprc_mean": 0.8521779717358868,
    "auprc_std": 0.08217655963411637
  },
  "no_metabolite": {
    "auroc_mean": 0.860969387755102,
    "auroc_std": 0.03371788968729507,
    "auprc_mean": 0.8577057565583148,
    "auprc_std": 0.043163609803463045
  },
  "direct_only": {
    "auroc_mean": 0.85,
    "auroc_std": 0.06050061010772469,
    "auprc_mean": 0.8408599449582255,
    "auprc_std": 0.09560648845329336
  }
}