{
  "full_graph": {
    "auroc": 0.9081632653061225,
    "auprc": 0.9239085529625856,
    "best_epoch": 35
  },
  "no_metabolite": {
    "auroc": 0.8482142857142857,
    "auprc": 0.8491662148517951,
    "best_epoch": 28
  },
  "no_microbe": {
    "auroc": 0.9426020408163266,
    "auprc": 0.949179406541758,
    "best_epoch": 9
  },
  "direct_only": {
    "auroc": 0.8724489795918368,
    "auprc": 0.8542738537832909,
    "best_epoch": 35
  },
  "layers_1": {
    "auroc": 0.9209183673469388,
    "auprc": 0.863012805233328,
    "best_epoch": 52
  },
  "layers_3": {
    "auroc": 0.7838010204081632,
    "auprc": 0.797464118265832,
    "best_epoch": 10
  },
  "layers_2": {
    "auroc": 0.9081632653061225,
    "auprc": 0.9239085529625856,
    "best_epoch": 35
  }
}