{
  "train_loss": [
    3.0060722827911377,
    3.4531407356262207,
    3.8360469341278076,
    1.1918549537658691,
    0.8561604022979736,
    0.8782402276992798,
    0.6743570566177368,
    0.539968729019165,
    0.43980252742767334,
    0.4144127070903778,
    0.3427790403366089,
    0.4414728581905365,
    0.21769921481609344,
    0.2975606322288513,
    0.2370363175868988,
    0.261084645986557,
    0.236698180437088,
    0.2584300935268402,
    0.21725213527679443,
    0.19919613003730774,
    0.2548786997795105,
    0.17150039970874786,
    0.1576579213142395,
    0.1344420611858368,
    0.16877955198287964,
    0.13351163268089294,
    0.21173851191997528,
    0.19543729722499847,
    0.17837220430374146,
    0.15142133831977844,
    0.15276047587394714,
    0.25561758875846863,
    0.34528598189353943
  ],
  "val_auroc": [
    0.7244897959183674,
    0.7971938775510204,
    0.8775510204081632,
    0.8928571428571429,
    0.8788265306122449,
    0.889030612244898,
    0.9183673469387755,
    0.9400510204081634,
    0.9617346938775511,
    0.9846938775510204,
    0.9846938775510204,
    0.9859693877551021,
    0.9923469387755102,
    0.9923469387755102,
    0.9923469387755102,
    0.9872448979591837,
    0.9872448979591837,
    0.9872448979591837,
    0.9872448979591837,
    0.9872448979591837,
    0.9872448979591837,
    0.9872448979591837,
    0.9872448979591837,
    0.9885204081632654,
    0.9872448979591837,
    0.9872448979591837,
    0.9872448979591837,
    0.9872448979591837,
    0.9872448979591837,
    0.9872448979591837,
    0.985969387755102,
    0.9795918367346939,
    0.9872448979591837
  ],
  "val_auprc": [
    0.6825458957191437,
    0.7378095781414836,
    0.8621602572553401,
    0.9094823594570765,
    0.8619203194404812,
    0.8610181533734664,
    0.8861543319567002,
    0.9104662006088988,
    0.957767131553896,
    0.984355074773794,
    0.9841713273617857,
    0.9857241223928416,
    0.9918799183392779,
    0.9918799183392779,
    0.9918799183392779,
    0.9852173521270222,
    0.9852173521270222,
    0.9852173521270222,
    0.9852173521270222,
    0.9852173521270222,
    0.9852173521270222,
    0.9852173521270222,
    0.9852173521270222,
    0.9870030664127365,
    0.9852173521270222,
    0.9852173521270222,
    0.9852173521270222,
    0.9852173521270222,
    0.9852173521270222,
    0.9852173521270222,
    0.9833376528789018,
    0.9720885699123819,
    0.9852173521270222
  ],
  "test_auroc": 0.9579081632653061,
  "test_auprc": 0.9061724628940583,
  "best_epoch": 12
}