{
  "TransE": {
    "auroc": [
      0.8930529709719471,
      0.8958443212689946,
      0.9082884693847088,
      0.8957298808824846,
      0.8840370587825533
    ],
    "auprc": [
      0.8798634176779028,
      0.8834242982495522,
      0.8961179006235169,
      0.8696920484089683,
      0.8555127385422667
    ],
    "auroc_mean": 0.8953905402581377,
    "auroc_std": 0.007759425453000692,
    "auprc_mean": 0.8769220807004412,
    "auprc_std": 0.013638497698585633
  },
  "DistMult": {
    "auroc": [
      0.8959637373244833,
      0.8873160246395128,
      0.913164624983829,
      0.8839574480788943,
      0.8598155021942699
    ],
    "auprc": [
      0.841293838560053,
      0.8225471994272623,
      0.8732139561834391,
      0.8562066406472458,
      0.7862175320901099
    ],
    "auroc_mean": 0.8880434674441979,
    "auroc_std": 0.01736574778433906,
    "auprc_mean": 0.8358958333816219,
    "auprc_std": 0.029934693213049382
  },
  "MLP": {
    "auroc": [
      0.931047179293256,
      0.9112340654200957,
      0.9171700385116779,
      0.927743335091403,
      0.912547642030471
    ],
    "auprc": [
      0.9196795077278355,
      0.8964342483584576,
      0.9000594956952589,
      0.9146655222107049,
      0.8890723411553981
    ],
    "auroc_mean": 0.9199484520693808,
    "auroc_std": 0.008029620826911981,
    "auprc_mean": 0.9039822230295309,
    "auprc_std": 0.011447287164816822
  },
  "HeteroGNN": {
    "auroc_mean": 0.7486,
    "auroc_std": 0.0141,
    "auprc_mean": 0.6656,
    "auprc_std": 0.0122
  },
  "ImprovedHeteroGNN": {
    "auroc": [
      0.9317437729502732,
      0.9263003910875818,
      0.9142642478281205,
      0.9385007314233399,
      0.9290967170536077
    ],
    "auprc": [
      0.9225247643034726,
      0.9177150971885111,
      0.8973878358802676,
      0.9285745526300568,
      0.910598101366285
    ],
    "auroc_mean": 0.9279811720685845,
    "auroc_std": 0.007962936271896755,
    "auprc_mean": 0.9153600702737187,
    "auprc_std": 0.010744106228289736
  }
}