{
  "dataset": "PrimeKG-Celiac",
  "nodes": 11148,
  "edges": 52446,
  "target_edges": 2104,
  "model": "HeteroGNN",
  "seeds": [
    0,
    1,
    2,
    42,
    123
  ],
  "auroc": [
    0.7555205047318612,
    0.7539432176656151,
    0.7523659305993691,
    0.7208201892744479,
    0.7602523659305994
  ],
  "auprc": [
    0.6716101694915254,
    0.6701902748414377,
    0.6687763713080169,
    0.6417004048582996,
    0.67590618336887
  ],
  "auroc_mean": 0.7485804416403786,
  "auroc_std": 0.014128830079847773,
  "auprc_mean": 0.6656366807736299,
  "auprc_std": 0.0122039619083098
}