{
  "mode": "transductive",
  "seeds": [
    0,
    1,
    2,
    42,
    123
  ],
  "conditions": {
    "intact": {
      "auroc": {
        "mean": 0.9537245762201003,
        "std": 0.014623756583623812
      },
      "auprc": {
        "mean": 0.9291172006191315,
        "std": 0.0238988538059034
      },
      "hits@1": {
        "mean": 0.010243055555555556,
        "std": 0.007291666666666667
      },
      "mrr": {
        "mean": 0.07403069129097611,
        "std": 0.018330047046424068
      }
    },
    "rewired": {
      "auroc": {
        "mean": 0.4996540587625386,
        "std": 0.006136646858700237
      },
      "auprc": {
        "mean": 0.49734100090099576,
        "std": 0.0026081547170422703
      },
      "hits@1": {
        "mean": 0.0001736111111111111,
        "std": 0.0003472222222222222
      },
      "mrr": {
        "mean": 0.00547096584197051,
        "std": 0.0006835342619614874
      }
    },
    "empty": {
      "auroc": {
        "mean": 0.4859809027777778,
        "std": 0.010563948385788717
      },
      "auprc": {
        "mean": 0.4876907454626885,
        "std": 0.011210739611347586
      },
      "hits@1": {
        "mean": 0.0005208333333333333,
        "std": 0.0006944444444444445
      },
      "mrr": {
        "mean": 0.005701923217137052,
        "std": 0.00117790314988159
      }
    }
  },
  "mlp_reference": {
    "auroc": {
      "mean": 0.4909180441020447,
      "std": 0.0088184153812753
    },
    "auprc": {
      "mean": 0.4871232201088114,
      "std": 0.004462970030410003
    },
    "hits@1": {
      "mean": 0.0005208333333333333,
      "std": 0.0006944444444444445
    },
    "mrr": {
      "mean": 0.004903428221786238,
      "std": 0.000648154631596568
    }
  },
  "config": {
    "synthetic": {
      "n_processes": 40,
      "modules_per_process": 3,
      "genes_per_module": 8,
      "intra_module_p": 0.6,
      "inter_module_p": 0.04,
      "cross_process_p": 0.002,
      "noise_features": 16,
      "feature_signal": 0.0,
      "seed": 0
    },
    "model": {
      "hidden_channels": 128,
      "out_channels": 64,
      "num_layers": 3,
      "dropout": 0.2,
      "encoder": "sage",
      "decoder": "mlp"
    },
    "train": {
      "epochs": 300,
      "lr": 0.002,
      "weight_decay": 0.0005,
      "patience": 40,
      "neg_ratio": 1,
      "num_restarts": 3,
      "device": "cpu",
      "verbose": false
    }
  }
}