{
  "seeds": [
    0,
    1,
    2
  ],
  "epochs": 60,
  "lam": 1.0,
  "n_test_pairs": [
    186,
    243,
    260
  ],
  "systems": [
    "joint_gnn",
    "linkonly_gnn",
    "linkonly_affinity_proxy",
    "target_lookup",
    "degree_prior"
  ],
  "unblinded": {
    "joint_gnn": {
      "recall": {
        "5": {
          "mean": 0.19974845721560178,
          "std": 0.049225059284515905,
          "values": [
            0.161,
            0.169,
            0.269
          ]
        },
        "10": {
          "mean": 0.3079612099922733,
          "std": 0.028606441963373506,
          "values": [
            0.317,
            0.337,
            0.269
          ]
        },
        "20": {
          "mean": 0.36814869276040124,
          "std": 0.05970153672408473,
          "values": [
            0.452,
            0.337,
            0.315
          ]
        }
      },
      "mrr": {
        "mean": 0.2147686158902816,
        "std": 0.03578596098019318,
        "values": [
          0.182,
          0.198,
          0.264
        ]
      }
    },
    "linkonly_gnn": {
      "recall": {
        "5": {
          "mean": 0.0,
          "std": 0.0,
          "values": [
            0.0,
            0.0,
            0.0
          ]
        },
        "10": {
          "mean": 0.0,
          "std": 0.0,
          "values": [
            0.0,
            0.0,
            0.0
          ]
        },
        "20": {
          "mean": 0.001282051282051282,
          "std": 0.0018130943107347373,
          "values": [
            0.0,
            0.0,
            0.004
          ]
        }
      },
      "mrr": {
        "mean": 0.0021974898629443973,
        "std": 0.0016872911526819938,
        "values": [
          0.002,
          0.0,
          0.004
        ]
      }
    },
    "linkonly_affinity_proxy": {
      "recall": {
        "5": {
          "mean": 0.0,
          "std": 0.0,
          "values": [
            0.0,
            0.0,
            0.0
          ]
        },
        "10": {
          "mean": 0.0,
          "std": 0.0,
          "values": [
            0.0,
            0.0,
            0.0
          ]
        },
        "20": {
          "mean": 0.0,
          "std": 0.0,
          "values": [
            0.0,
            0.0,
            0.0
          ]
        }
      },
      "mrr": {
        "mean": 0.0031590847547418375,
        "std": 0.001815880274793962,
        "values": [
          0.005,
          0.001,
          0.004
        ]
      }
    },
    "target_lookup": {
      "recall": {
        "5": {
          "mean": 0.6292303607715795,
          "std": 0.03518344121613939,
          "values": [
            0.661,
            0.58,
            0.646
          ]
        },
        "10": {
          "mean": 0.8038071800317917,
          "std": 0.016916925728779075,
          "values": [
            0.806,
            0.782,
            0.823
          ]
        },
        "20": {
          "mean": 0.8983845439042571,
          "std": 0.016222249386772192,
          "values": [
            0.903,
            0.877,
            0.915
          ]
        }
      },
      "mrr": {
        "mean": 0.40328692527284155,
        "std": 0.01856697609608156,
        "values": [
          0.41,
          0.378,
          0.422
        ]
      }
    },
    "degree_prior": {
      "recall": {
        "5": {
          "mean": 0.020527116584464256,
          "std": 0.0038619173787229487,
          "values": [
            0.022,
            0.025,
            0.015
          ]
        },
        "10": {
          "mean": 0.020527116584464256,
          "std": 0.0038619173787229487,
          "values": [
            0.022,
            0.025,
            0.015
          ]
        },
        "20": {
          "mean": 0.030790674876696383,
          "std": 0.005792876068084422,
          "values": [
            0.032,
            0.037,
            0.023
          ]
        }
      },
      "mrr": {
        "mean": 0.021625389406408495,
        "std": 0.0007846679854321154,
        "values": [
          0.021,
          0.023,
          0.021
        ]
      }
    }
  },
  "blinded": {
    "joint_gnn": {
      "recall": {
        "5": {
          "mean": 0.19590230336944792,
          "std": 0.043797407882054815,
          "values": [
            0.161,
            0.169,
            0.258
          ]
        },
        "10": {
          "mean": 0.2475860061881567,
          "std": 0.015413751056024117,
          "values": [
            0.226,
            0.259,
            0.258
          ]
        },
        "20": {
          "mean": 0.2902122966639095,
          "std": 0.033160263149787456,
          "values": [
            0.253,
            0.333,
            0.285
          ]
        }
      },
      "mrr": {
        "mean": 0.20520551571672377,
        "std": 0.04066900395896724,
        "values": [
          0.167,
          0.186,
          0.262
        ]
      }
    },
    "linkonly_gnn": {
      "recall": {
        "5": {
          "mean": 0.0,
          "std": 0.0,
          "values": [
            0.0,
            0.0,
            0.0
          ]
        },
        "10": {
          "mean": 0.0,
          "std": 0.0,
          "values": [
            0.0,
            0.0,
            0.0
          ]
        },
        "20": {
          "mean": 0.001282051282051282,
          "std": 0.0018130943107347373,
          "values": [
            0.0,
            0.0,
            0.004
          ]
        }
      },
      "mrr": {
        "mean": 0.002241801942817234,
        "std": 0.0017191309724475482,
        "values": [
          0.002,
          0.0,
          0.004
        ]
      }
    },
    "linkonly_affinity_proxy": {
      "recall": {
        "5": {
          "mean": 0.0,
          "std": 0.0,
          "values": [
            0.0,
            0.0,
            0.0
          ]
        },
        "10": {
          "mean": 0.0,
          "std": 0.0,
          "values": [
            0.0,
            0.0,
            0.0
          ]
        },
        "20": {
          "mean": 0.0,
          "std": 0.0,
          "values": [
            0.0,
            0.0,
            0.0
          ]
        }
      },
      "mrr": {
        "mean": 0.00309934258800689,
        "std": 0.0017394570891877358,
        "values": [
          0.004,
          0.001,
          0.004
        ]
      }
    },
    "target_lookup": {
      "recall": {
        "5": {
          "mean": 0.0,
          "std": 0.0,
          "values": [
            0.0,
            0.0,
            0.0
          ]
        },
        "10": {
          "mean": 0.0,
          "std": 0.0,
          "values": [
            0.0,
            0.0,
            0.0
          ]
        },
        "20": {
          "mean": 0.0,
          "std": 0.0,
          "values": [
            0.0,
            0.0,
            0.0
          ]
        }
      },
      "mrr": {
        "mean": 0.0005439404380138532,
        "std": 7.617921535550679e-05,
        "values": [
          0.0,
          0.001,
          0.001
        ]
      }
    },
    "degree_prior": {
      "recall": {
        "5": {
          "mean": 0.020527116584464256,
          "std": 0.0038619173787229487,
          "values": [
            0.022,
            0.025,
            0.015
          ]
        },
        "10": {
          "mean": 0.020527116584464256,
          "std": 0.0038619173787229487,
          "values": [
            0.022,
            0.025,
            0.015
          ]
        },
        "20": {
          "mean": 0.030790674876696383,
          "std": 0.005792876068084422,
          "values": [
            0.032,
            0.037,
            0.023
          ]
        }
      },
      "mrr": {
        "mean": 0.021624825474617432,
        "std": 0.0007880107647696186,
        "values": [
          0.021,
          0.023,
          0.021
        ]
      }
    }
  },