{
  "timestamp": "2026-06-28T01:35:46.642060",
  "mode": "full",
  "dataset": "PrimeKG",
  "target_edge_type": [
    "drug",
    "indication",
    "disease"
  ],
  "config": {
    "n_pairs_sampled": 350,
    "epochs": 50,
    "mlp_epochs": 200,
    "patience": 10,
    "seeds": [
      0,
      1,
      2
    ],
    "percentile": 70.0,
    "sample_seed": 0,
    "recall_ks": [
      50,
      100,
      200
    ],
    "hidden": 128,
    "test_neg_ratio": 5.0
  },
  "cutoff_year": 2005,
  "counts": {
    "true_oncology_pairs_total": 1629,
    "sampled": 350,
    "years_resolved": 341,
    "past": 240,
    "future": 101
  },
  "year_distribution": {
    "min": 1932,
    "p25": 1973.0,
    "median": 1988.0,
    "p75": 2006.0,
    "max": 2025
  },
  "split_info": {
    "regime": "temporal",
    "cutoff_year": 2005,
    "n_past_total": 240,
    "n_train_pos": 204,
    "n_val_pos": 36,
    "n_future_pos": 101,
    "neg_ratio": 1.0,
    "test_neg_ratio": 5.0
  },
  "results": {
    "GNN": {
      "auprc": {
        "mean": 0.7070011432765124,
        "std": 0.038537880847905104,
        "values": [
          0.7437999407163701,
          0.723417527911353,
          0.6537859612018142
        ]
      },
      "auroc": {
        "mean": 0.9296931673365357,
        "std": 0.004582280261642317,
        "values": [
          0.9323791785119105,
          0.9334575041662583,
          0.9232428193314381
        ]
      },
      "f1": {
        "mean": 0.7209741117181726,
        "std": 0.013007738576504493,
        "values": [
          0.7282608695652174,
          0.7319587628865979,
          0.7027027027027027
        ]
      },
      "hits@1": {
        "mean": 0.6666666666666666,
        "std": 0.4714045207910317,
        "values": [
          1.0,
          1.0,
          0.0
        ]
      },
      "hits@10": {
        "mean": 0.700000007947286,
        "std": 0.1414213618568893,
        "values": [
          0.800000011920929,
          0.800000011920929,
          0.5
        ]
      },
      "hits@3": {
        "mean": 0.5555555721124014,
        "std": 0.1571348449466604,
        "values": [
          0.6666666865348816,
          0.6666666865348816,
          0.3333333432674408
        ]
      },
      "mrr": {
        "mean": 0.03893174727265151,
        "std": 0.005784602717398915,
        "values": [
          0.04397179243761276,
          0.04199212803120023,
          0.03083132134914155
        ]
      },
      "precision": {
        "mean": 0.7384326250170861,
        "std": 0.0686965076818218,
        "values": [
          0.8072289156626506,
          0.7634408602150538,
          0.6446280991735537
        ]
      },
      "recall": {
        "mean": 0.712871287128713,
        "std": 0.045010500650118336,
        "values": [
          0.6633663366336634,
          0.7029702970297029,
          0.7722772277227723
        ]
      },
      "recall@100": {
        "mean": 0.7029703060785929,
        "std": 0.014002138403885245,
        "values": [
          0.7128713130950928,
          0.7128713130950928,
          0.6831682920455933
        ]
      },
      "recall@200": {
        "mean": 0.9273927410443624,
        "std": 0.0326716188118669,
        "values": [
          0.8811880946159363,
          0.9504950642585754,
          0.9504950642585754
        ]
      },
      "recall@50": {
        "mean": 0.39273927609125775,
        "std": 0.024697401133156067,
        "values": [
          0.42574256658554077,
          0.3663366436958313,
          0.3861386179924011
        ]
      }
    },
    "MLP": {
      "auprc": {
        "mean": 0.5924122990263035,
        "std": 0.032176357994029965,
        "values": [
          0.6165413778372113,
          0.6137591003219156,
          0.5469364189197835
        ]
      },
      "auroc": {
        "mean": 0.8823840799921575,
        "std": 0.020321648232493827,
        "values": [
          0.9018723654543672,
          0.890932261542986,
          0.8543476129791197
        ]
      },
      "f1": {
        "mean": 0.6076995354869447,
        "std": 0.007103151223301428,
        "values": [
          0.6105263157894737,
          0.6146341463414634,
          0.5979381443298969
        ]
      },
      "hits@1": {
        "mean": 0.6666666666666666,
        "std": 0.4714045207910317,
        "values": [
          1.0,
          0.0,
          1.0
        ]
      },
      "hits@10": {
        "mean": 0.7666666706403097,
        "std": 0.04714046331826277,
        "values": [
          0.800000011920929,
          0.800000011920929,
          0.699999988079071
        ]
      },
      "hits@3": {
        "mean": 0.7777777910232544,
        "std": 0.15713483089771088,
        "values": [
          1.0,
          0.6666666865348816,
          0.6666666865348816
        ]
      },
      "mrr": {
        "mean": 0.03775086401604543,
        "std": 0.003038714463504472,
        "values": [
          0.041088221845559846,
          0.03373757203632398,
          0.038426798166252475
        ]
      },
      "precision": {
        "mean": 0.6270368460020507,
        "std": 0.018897028345650886,
        "values": [
          0.651685393258427,
          0.6057692307692307,
          0.6236559139784946
        ]
      },
      "recall": {
        "mean": 0.5907590759075907,
        "std": 0.02333685746490258,
        "values": [
          0.5742574257425742,
          0.6237623762376238,
          0.5742574257425742
        ]
      },
      "recall@100": {
        "mean": 0.5874587496121725,
        "std": 0.012348700566578033,
        "values": [
          0.5841584205627441,
          0.603960394859314,
          0.5742574334144592
        ]
      },
      "recall@200": {
        "mean": 0.8217821717262268,
        "std": 0.03233648861753595,
        "values": [
          0.8613861203193665,
          0.8217821717262268,
          0.7821782231330872
        ]
      },
      "recall@50": {
        "mean": 0.33663366238276166,
        "std": 0.016168256475516667,
        "values": [
          0.3366336524486542,
          0.3564356565475464,
          0.31683167815208435
        ]
      }
    }
  },
  "per_seed": {
    "GNN": [
      {
        "auroc": 0.9323791785119105,
        "auprc": 0.7437999407163701,
        "hits@1": 1.0,
        "hits@3": 0.6666666865348816,
        "hits@10": 0.800000011920929,
        "mrr": 0.04397179243761276,
        "precision": 0.8072289156626506,
        "recall": 0.6633663366336634,
        "f1": 0.7282608695652174,
        "recall@50": 0.42574256658554077,
        "recall@100": 0.7128713130950928,
        "recall@200": 0.8811880946159363
      },
      {
        "auroc": 0.9334575041662583,
        "auprc": 0.723417527911353,
        "hits@1": 1.0,
        "hits@3": 0.6666666865348816,
        "hits@10": 0.800000011920929,
        "mrr": 0.04199212803120023,
        "precision": 0.7634408602150538,
        "recall": 0.7029702970297029,
        "f1": 0.7319587628865979,
        "recall@50": 0.3663366436958313,
        "recall@100": 0.7128713130950928,
        "recall@200": 0.9504950642585754
      },
      {
        "auroc": 0.9232428193314381,
        "auprc": 0.6537859612018142,
        "hits@1": 0.0,
        "hits@3": 0.3333333432674408,
        "hits@10": 0.5,
        "mrr": 0.03083132134914155,
        "precision": 0.6446280991735537,
        "recall": 0.7722772277227723,
        "f1": 0.7027027027027027,
        "recall@50": 0.3861386179924011,
        "recall@100": 0.6831682920455933,
        "recall@200": 0.9504950642585754
      }
    ],
    "MLP": [
      {
        "auroc": 0.9018723654543672,
        "auprc": 0.6165413778372113,
        "hits@1": 1.0,
        "hits@3": 1.0,
        "hits@10": 0.800000011920929,
        "mrr": 0.041088221845559846,
        "precision": 0.651685393258427,
        "recall": 0.5742574257425742,
        "f1": 0.6105263157894737,
        "recall@50": 0.3366336524486542,
        "recall@100": 0.5841584205627441,