{
  "conditions": {
    "intact": {
      "accuracy": {
        "mean": 1.0,
        "std": 0.0
      },
      "macro_f1": {
        "mean": 1.0,
        "std": 0.0
      },
      "auroc": {
        "mean": 1.0,
        "std": 0.0
      }
    },
    "shuffled": {
      "accuracy": {
        "mean": 0.4833333333333333,
        "std": 0.04216370213557838
      },
      "macro_f1": {
        "mean": 0.32530088021528347,
        "std": 0.019063046911846893
      },
      "auroc": {
        "mean": 0.46487872149636855,
        "std": 0.058725322591598295
      }
    },
    "empty": {
      "accuracy": {
        "mean": 0.4833333333333333,
        "std": 0.04216370213557838
      },
      "macro_f1": {
        "mean": 0.32530088021528347,
        "std": 0.019063046911846893
      },
      "auroc": {
        "mean": 0.4846652524808162,
        "std": 0.04371838671665665
      }
    }
  },
  "composition_reference": {
    "accuracy": {
      "mean": 0.5166666666666667,
      "std": 0.06912147117775908
    },
    "macro_f1": {
      "mean": 0.5091185570987878,
      "std": 0.06198671082658087
    },
    "auroc": {
      "mean": 0.5021353464980916,
      "std": 0.06014286572929873
    }
  },
  "seeds": [
    0,
    1,
    2,
    42,
    123
  ]
}