{
  "label": "grade_bin (G3 vs G1/G2)",
  "cohort": {
    "patients_graphs": 372,
    "cells_kept_total": 452461,
    "cell_types": 26,
    "num_features": 26,
    "max_cells_per_patient": 1500,
    "k_neighbors": 6,
    "class_balance": {
      "0": 210,
      "1": 166
    }
  },
  "by_model": {
    "logreg": {
      "agg": {
        "accuracy": {
          "mean": 0.6126126126126126,
          "std": 0.01685431255303574,
          "values": [
            0.6081081081081081,
            0.6351351351351351,
            0.5945945945945946
          ]
        },
        "macro_f1": {
          "mean": 0.5880545917117502,
          "std": 0.01168888926805742,
          "values": [
            0.58627337574706,
            0.6031777557100297,
            0.5747126436781609
          ]
        },
        "auroc": {
          "mean": 0.6871178909047972,
          "std": 0.032509121463643424,
          "values": [
            0.6496674057649667,
            0.728937728937729,
            0.682748538011696
          ]
        }
      },
      "runs": [
        {
          "model": "logreg",
          "val": {
            "accuracy": 0.7272727272727273,
            "macro_f1": 0.7239879558380728,
            "auroc": 0.7894021739130435
          },
          "test": {
            "accuracy": 0.6081081081081081,
            "macro_f1": 0.58627337574706,
            "auroc": 0.6496674057649667
          }
        },
        {
          "model": "logreg",
          "val": {
            "accuracy": 0.6909090909090909,
            "macro_f1": 0.6538319141058867,
            "auroc": 0.7271505376344086
          },
          "test": {
            "accuracy": 0.6351351351351351,
            "macro_f1": 0.6031777557100297,
            "auroc": 0.728937728937729
          }
        },
        {
          "model": "logreg",
          "val": {
            "accuracy": 0.6181818181818182,
            "macro_f1": 0.57238059977786,
            "auroc": 0.6983471074380165
          },
          "test": {
            "accuracy": 0.5945945945945946,
            "macro_f1": 0.5747126436781609,
            "auroc": 0.682748538011696
          }
        }
      ]
    },
    "xgboost": {
      "agg": {
        "accuracy": {
          "mean": 0.6126126126126126,
          "std": 0.012740662724081912,
          "values": [
            0.6216216216216216,
            0.6216216216216216,
            0.5945945945945946
          ]
        },
        "macro_f1": {
          "mean": 0.6085375816993465,
          "std": 0.011901073992583201,
          "values": [
            0.6145833333333333,
            0.6191176470588236,
            0.5919117647058824
          ]
        },
        "auroc": {
          "mean": 0.6318022193182654,
          "std": 0.02355154791109736,
          "values": [
            0.5986696230598669,
            0.6454212454212455,
            0.6513157894736842
          ]
        }
      },
      "runs": [
        {
          "model": "xgboost",
          "val": {
            "accuracy": 0.6363636363636364,
            "macro_f1": 0.6333333333333333,
            "auroc": 0.7296195652173914
          },
          "test": {
            "accuracy": 0.6216216216216216,
            "macro_f1": 0.6145833333333333,
            "auroc": 0.5986696230598669
          }
        },
        {
          "model": "xgboost",
          "val": {
            "accuracy": 0.6181818181818182,
            "macro_f1": 0.6099290780141844,
            "auroc": 0.6586021505376344
          },
          "test": {
            "accuracy": 0.6216216216216216,
            "macro_f1": 0.6191176470588236,
            "auroc": 0.6454212454212455
          }
        },
        {
          "model": "xgboost",
          "val": {
            "accuracy": 0.6545454545454545,
            "macro_f1": 0.6470786896318811,
            "auroc": 0.6267217630853994
          },
          "test": {
            "accuracy": 0.5945945945945946,
            "macro_f1": 0.5919117647058824,
            "auroc": 0.6513157894736842
          }
        }
      ]
    },
    "mlp": {
      "agg": {
        "accuracy": {
          "mean": 0.6396396396396397,
          "std": 0.05096265089632775,
          "values": [
            0.5675675675675675,
            0.6756756756756757,
            0.6756756756756757
          ]
        },
        "macro_f1": {
          "mean": 0.632936507936508,
          "std": 0.05191061687282196,
          "values": [
            0.5595238095238095,
            0.6696428571428572,
            0.6696428571428572
          ]
        },
        "auroc": {
          "mean": 0.6709429934397843,
          "std": 0.03197915088488807,
          "values": [
            0.6378418329637843,
            0.6608058608058608,
            0.7141812865497077
          ]
        }
      },
      "runs": [
        {
          "model": "mlp",
          "val": {
            "accuracy": 0.6545454545454545,
            "macro_f1": 0.6540880503144654,
            "auroc": 0.7744565217391305
          },
          "test": {
            "accuracy": 0.5675675675675675,
            "macro_f1": 0.5595238095238095,
            "auroc": 0.6378418329637843
          }
        },
        {
          "model": "mlp",
          "val": {
            "accuracy": 0.6363636363636364,
            "macro_f1": 0.6212121212121212,
            "auroc": 0.6975806451612903
          },
          "test": {
            "accuracy": 0.6756756756756757,
            "macro_f1": 0.6696428571428572,
            "auroc": 0.6608058608058608
          }
        },
        {
          "model": "mlp",
          "val": {
            "accuracy": 0.6363636363636364,
            "macro_f1": 0.6148459383753502,
            "auroc": 0.6528925619834711
          },
          "test": {
            "accuracy": 0.6756756756756757,
            "macro_f1": 0.6696428571428572,
            "auroc": 0.7141812865497077
          }
        }
      ]
    },
    "sage": {
      "agg": {
        "accuracy": {
          "mean": 0.5945945945945946,
          "std": 0.01103373758010443,
          "values": [
            0.581081081081081,
            0.6081081081081081,
            0.5945945945945946
          ]
        },
        "macro_f1": {
          "mean": 0.5669542059471581,
          "std": 0.03694225064355954,
          "values": [
            0.5167474194227933,
            0.6045697438732265,
            0.5795454545454546
          ]
        },
        "auroc": {
          "mean": 0.6628614657818764,
          "std": 0.02835642653602235,
          "values": [
            0.6245380635624538,
            0.6717948717948717,
            0.692251461988304
          ]
        }
      },
      "runs": [
        {
          "model": "sage",
          "val": {
            "accuracy": 0.8363636363636363,
            "macro_f1": 0.8281846581048247,
            "auroc": 0.8464673913043478
          },
          "test": {
            "accuracy": 0.581081081081081,
            "macro_f1": 0.5167474194227933,
            "auroc": 0.6245380635624538
          }
        },
        {
          "model": "sage",
          "val": {
            "accuracy": 0.6727272727272727,
            "macro_f1": 0.6717506631299734,
            "auroc": 0.7123655913978495
          },
          "test": {
            "accuracy": 0.6081081081081081,
            "macro_f1": 0.6045697438732265,
            "auroc": 0.6717948717948717
          }
        },
        {
          "model": "sage",
          "val": {
            "accuracy": 0.6727272727272727,
            "macro_f1": 0.6590909090909092,
            "auroc": 0.665289256198347
          },
          "test": {
            "accuracy": 0.5945945945945946,
            "macro_f1": 0.5795454545454546,
            "auroc": 0.692251461988304
          }
        }
      ]
    }
  },
  "ablation": {
    "conditions": {
      "intact": {
        "accuracy": {
          "mean": 0.6171171171171171,
          "std": 0.022968556367535073
        },