{
  "label": "survival5y (1=survived past 60mo, 0=died before)",
  "cohort": {
    "patients_graphs": 310,
    "num_features": 26,
    "max_cells_per_patient": 1500,
    "k_neighbors": 6,
    "class_balance": {
      "0": 65,
      "1": 249
    }
  },
  "by_model": {
    "logreg": {
      "agg": {
        "accuracy": {
          "mean": 0.8010752688172044,
          "std": 0.015206597444872029,
          "values": [
            0.7903225806451613,
            0.8225806451612904,
            0.7903225806451613
          ]
        },
        "macro_f1": {
          "mean": 0.4447367721704005,
          "std": 0.004660301409398699,
          "values": [
            0.44144144144144143,
            0.45132743362831856,
            0.44144144144144143
          ]
        },
        "auroc": {
          "mean": 0.6347005002467188,
          "std": 0.06834077766075679,
          "values": [
            0.6766091051805337,
            0.5383244206773619,
            0.6891679748822606
          ]
        }
      },
      "runs": [
        {
          "model": "logreg",
          "val": {
            "accuracy": 0.8478260869565217,
            "macro_f1": 0.4588235294117647,
            "auroc": 0.5641025641025641
          },
          "test": {
            "accuracy": 0.7903225806451613,
            "macro_f1": 0.44144144144144143,
            "auroc": 0.6766091051805337
          }
        },
        {
          "model": "logreg",
          "val": {
            "accuracy": 0.7608695652173914,
            "macro_f1": 0.43209876543209874,
            "auroc": 0.6363636363636364
          },
          "test": {
            "accuracy": 0.8225806451612904,
            "macro_f1": 0.45132743362831856,
            "auroc": 0.5383244206773619
          }
        },
        {
          "model": "logreg",
          "val": {
            "accuracy": 0.8478260869565217,
            "macro_f1": 0.4588235294117647,
            "auroc": 0.4578754578754578
          },
          "test": {
            "accuracy": 0.7903225806451613,
            "macro_f1": 0.44144144144144143,
            "auroc": 0.6891679748822606
          }
        }
      ]
    },
    "xgboost": {
      "agg": {
        "accuracy": {
          "mean": 0.7903225806451614,
          "std": 1.1102230246251565e-16,
          "values": [
            0.7903225806451613,
            0.7903225806451613,
            0.7903225806451613
          ]
        },
        "macro_f1": {
          "mean": 0.5034174257475228,
          "std": 0.08764727754708242,
          "values": [
            0.44144144144144143,
            0.44144144144144143,
            0.6273693943596856
          ]
        },
        "auroc": {
          "mean": 0.6097889039065509,
          "std": 0.09417851347240701,
          "values": [
            0.6907378335949764,
            0.47771836007130125,
            0.6609105180533752
          ]
        }
      },
      "runs": [
        {
          "model": "xgboost",
          "val": {
            "accuracy": 0.8260869565217391,
            "macro_f1": 0.551219512195122,
            "auroc": 0.5091575091575091
          },
          "test": {
            "accuracy": 0.7903225806451613,
            "macro_f1": 0.44144144144144143,
            "auroc": 0.6907378335949764
          }
        },
        {
          "model": "xgboost",
          "val": {
            "accuracy": 0.7608695652173914,
            "macro_f1": 0.6031372549019608,
            "auroc": 0.6545454545454545
          },
          "test": {
            "accuracy": 0.7903225806451613,
            "macro_f1": 0.44144144144144143,
            "auroc": 0.47771836007130125
          }
        },
        {
          "model": "xgboost",
          "val": {
            "accuracy": 0.8260869565217391,
            "macro_f1": 0.4523809523809524,
            "auroc": 0.5311355311355311
          },
          "test": {
            "accuracy": 0.7903225806451613,
            "macro_f1": 0.6273693943596856,
            "auroc": 0.6609105180533752
          }
        }
      ]
    },
    "mlp": {
      "agg": {
        "accuracy": {
          "mean": 0.8010752688172044,
          "std": 0.015206597444872029,
          "values": [
            0.7903225806451613,
            0.8225806451612904,
            0.7903225806451613
          ]
        },
        "macro_f1": {
          "mean": 0.4447367721704005,
          "std": 0.004660301409398699,
          "values": [
            0.44144144144144143,
            0.45132743362831856,
            0.44144144144144143
          ]
        },
        "auroc": {
          "mean": 0.5625308398417642,
          "std": 0.04731079317926997,
          "values": [
            0.6248037676609105,
            0.552584670231729,
            0.5102040816326531
          ]
        }
      },
      "runs": [
        {
          "model": "mlp",
          "val": {
            "accuracy": 0.8478260869565217,
            "macro_f1": 0.4588235294117647,
            "auroc": 0.6336996336996337
          },
          "test": {
            "accuracy": 0.7903225806451613,
            "macro_f1": 0.44144144144144143,
            "auroc": 0.6248037676609105
          }
        },
        {
          "model": "mlp",
          "val": {
            "accuracy": 0.7608695652173914,
            "macro_f1": 0.43209876543209874,
            "auroc": 0.6727272727272727
          },
          "test": {
            "accuracy": 0.8225806451612904,
            "macro_f1": 0.45132743362831856,
            "auroc": 0.552584670231729
          }
        },
        {
          "model": "mlp",
          "val": {
            "accuracy": 0.8478260869565217,
            "macro_f1": 0.4588235294117647,
            "auroc": 0.5054945054945056
          },
          "test": {
            "accuracy": 0.7903225806451613,
            "macro_f1": 0.44144144144144143,
            "auroc": 0.5102040816326531
          }
        }
      ]
    },
    "sage": {
      "agg": {
        "accuracy": {
          "mean": 0.8064516129032259,
          "std": 0.022809896167308018,
          "values": [
            0.7903225806451613,
            0.7903225806451613,
            0.8387096774193549
          ]
        },
        "macro_f1": {
          "mean": 0.5595450400274962,
          "std": 0.08552744322329711,
          "values": [
            0.44144144144144143,
            0.5959899749373434,
            0.6412037037037037
          ]
        },
        "auroc": {
          "mean": 0.6545545957310663,
          "std": 0.019892901824535958,
          "values": [
            0.6295133437990581,
            0.6559714795008913,
            0.6781789638932496
          ]
        }
      },
      "runs": [
        {
          "model": "sage",
          "val": {
            "accuracy": 0.8478260869565217,
            "macro_f1": 0.4588235294117647,
            "auroc": 0.2783882783882784
          },
          "test": {
            "accuracy": 0.7903225806451613,
            "macro_f1": 0.44144144144144143,
            "auroc": 0.6295133437990581
          }
        },
        {
          "model": "sage",
          "val": {
            "accuracy": 0.8043478260869565,
            "macro_f1": 0.7015140591204037,
            "auroc": 0.6311688311688312
          },
          "test": {
            "accuracy": 0.7903225806451613,
            "macro_f1": 0.5959899749373434,
            "auroc": 0.6559714795008913
          }
        },
        {
          "model": "sage",
          "val": {
            "accuracy": 0.8260869565217391,
            "macro_f1": 0.551219512195122,
            "auroc": 0.46153846153846156
          },
          "test": {
            "accuracy": 0.8387096774193549,
            "macro_f1": 0.6412037037037037,
            "auroc": 0.6781789638932496
          }
        }
      ]
    }
  },
  "ablation": {
    "conditions": {
      "intact": {
        "accuracy": {
          "mean": 0.8172043010752689,