{
  "data_stats": {
    "num_patients": 300,
    "cells_per_patient": 350,
    "num_features": 10,
    "class_balance": [
      151,
      149
    ],
    "tumor_immune_contact_excluded": 0.222,
    "tumor_immune_contact_infiltrated": 0.456
  },
  "config": {
    "synthetic": {
      "n_patients": 300,
      "cells_per_patient": 350,
      "immune_fraction": 0.35,
      "field_size": 30.0,
      "k_neighbors": 6,
      "marker_dim": 8,
      "marker_snr": 0.5,
      "exclusion_strength": 0.85,
      "label_noise": 0.05,
      "seed": 0
    },
    "model": {
      "hidden_channels": 64,
      "num_layers": 3,
      "dropout": 0.3,
      "encoder": "sage",
      "pool": "mean"
    },
    "train": {
      "epochs": 150,
      "lr": 0.005,
      "weight_decay": 0.0005,
      "patience": 30,
      "batch_size": 32,
      "device": "cpu",
      "verbose": false
    },
    "models": [
      "logreg",
      "xgboost",
      "mlp",
      "sage"
    ],
    "seeds": [
      0,
      1,
      2,
      42,
      123
    ]
  },
  "by_model": {
    "logreg": {
      "agg": {
        "accuracy": {
          "mean": 0.48,
          "std": 0.03399346342395189,
          "values": [
            0.5,
            0.4666666666666667,
            0.4666666666666667,
            0.43333333333333335,
            0.5333333333333333
          ]
        },
        "macro_f1": {
          "mean": 0.3382554418954823,
          "std": 0.03636361495627694,
          "values": [
            0.40476190476190477,
            0.3181818181818182,
            0.3181818181818182,
            0.3023255813953488,
            0.34782608695652173
          ]
        },
        "auroc": {
          "mean": 0.58299617162975,
          "std": 0.06303353872049874,
          "values": [
            0.5600448933782267,
            0.5345982142857143,
            0.5066964285714286,
            0.668552036199095,
            0.6450892857142857
          ]
        }
      },
      "runs": [
        {
          "model": "logreg",
          "val": {
            "accuracy": 0.5333333333333333,
            "macro_f1": 0.34782608695652173,
            "auroc": 0.404
          },
          "test": {
            "accuracy": 0.5,
            "macro_f1": 0.40476190476190477,
            "auroc": 0.5600448933782267
          }
        },
        {
          "model": "logreg",
          "val": {
            "accuracy": 0.4888888888888889,
            "macro_f1": 0.3283582089552239,
            "auroc": 0.5355731225296442
          },
          "test": {
            "accuracy": 0.4666666666666667,
            "macro_f1": 0.3181818181818182,
            "auroc": 0.5345982142857143
          }
        },
        {
          "model": "logreg",
          "val": {
            "accuracy": 0.4222222222222222,
            "macro_f1": 0.296875,
            "auroc": 0.5728744939271255
          },
          "test": {
            "accuracy": 0.4666666666666667,
            "macro_f1": 0.3181818181818182,
            "auroc": 0.5066964285714286
          }
        },
        {
          "model": "logreg",
          "val": {
            "accuracy": 0.35555555555555557,
            "macro_f1": 0.26229508196721313,
            "auroc": 0.5495689655172413
          },
          "test": {
            "accuracy": 0.43333333333333335,
            "macro_f1": 0.3023255813953488,
            "auroc": 0.668552036199095
          }
        },
        {
          "model": "logreg",
          "val": {
            "accuracy": 0.4,
            "macro_f1": 0.2857142857142857,
            "auroc": 0.43827160493827155
          },
          "test": {
            "accuracy": 0.5333333333333333,
            "macro_f1": 0.34782608695652173,
            "auroc": 0.6450892857142857
          }
        }
      ]
    },
    "xgboost": {
      "agg": {
        "accuracy": {
          "mean": 0.5166666666666667,
          "std": 0.06912147117775908,
          "values": [
            0.5333333333333333,
            0.4,
            0.5166666666666667,
            0.5166666666666667,
            0.6166666666666667
          ]
        },
        "macro_f1": {
          "mean": 0.5091185570987878,
          "std": 0.06198671082658087,
          "values": [
            0.5286195286195287,
            0.3993325917686318,
            0.5165323701028064,
            0.5099971838918614,
            0.5911111111111111
          ]
        },
        "auroc": {
          "mean": 0.5021353464980916,
          "std": 0.06014286572929873,
          "values": [
            0.5241301907968575,
            0.4185267857142857,
            0.4720982142857143,
            0.4954751131221719,
            0.6004464285714286
          ]
        }
      },
      "runs": [
        {
          "model": "xgboost",
          "val": {
            "accuracy": 0.5555555555555556,
            "macro_f1": 0.5535714285714286,
            "auroc": 0.53
          },
          "test": {
            "accuracy": 0.5333333333333333,
            "macro_f1": 0.5286195286195287,
            "auroc": 0.5241301907968575
          }
        },
        {
          "model": "xgboost",
          "val": {
            "accuracy": 0.4,
            "macro_f1": 0.39881246907471546,
            "auroc": 0.3913043478260869
          },
          "test": {
            "accuracy": 0.4,
            "macro_f1": 0.3993325917686318,
            "auroc": 0.4185267857142857
          }
        },
        {
          "model": "xgboost",
          "val": {
            "accuracy": 0.4888888888888889,
            "macro_f1": 0.4796380090497738,
            "auroc": 0.5303643724696356
          },
          "test": {
            "accuracy": 0.5166666666666667,
            "macro_f1": 0.5165323701028064,
            "auroc": 0.4720982142857143
          }
        },
        {
          "model": "xgboost",
          "val": {
            "accuracy": 0.4222222222222222,
            "macro_f1": 0.42193675889328064,
            "auroc": 0.4806034482758621
          },
          "test": {
            "accuracy": 0.5166666666666667,
            "macro_f1": 0.5099971838918614,
            "auroc": 0.4954751131221719
          }
        },
        {
          "model": "xgboost",
          "val": {
            "accuracy": 0.35555555555555557,
            "macro_f1": 0.33452320244773076,
            "auroc": 0.36419753086419754
          },
          "test": {
            "accuracy": 0.6166666666666667,
            "macro_f1": 0.5911111111111111,
            "auroc": 0.6004464285714286
          }
        }
      ]
    },
    "mlp": {
      "agg": {
        "accuracy": {
          "mean": 0.4833333333333334,
          "std": 0.03651483716701108,
          "values": [
            0.4666666666666667,
            0.4666666666666667,
            0.5166666666666667,
            0.43333333333333335,
            0.5333333333333333
          ]
        },
        "macro_f1": {
          "mean": 0.36933991297995344,
          "std": 0.07524592958857006,
          "values": [
            0.3650793650793651,
            0.3181818181818182,
            0.5132867132867133,
            0.3023255813953488,
            0.34782608695652173
          ]
        },
        "auroc": {
          "mean": 0.5970504905860298,
          "std": 0.06194960763415111,
          "values": [
            0.6857463524130191,
            0.6272321428571428,
            0.5066964285714285,
            0.6131221719457014,
            0.5524553571428571
          ]
        }
      },
      "runs": [
        {
          "model": "mlp",
          "val": {
            "accuracy": 0.5777777777777777,
            "macro_f1": 0.40993788819875776,
            "auroc": 0.44799999999999995
          },
          "test": {
            "accuracy": 0.4666666666666667,
            "macro_f1": 0.3650793650793651,
            "auroc": 0.6857463524130191
          }
        },
        {
          "model": "mlp",
          "val": {
            "accuracy": 0.4888888888888889,