{
  "conditions": {
    "intact": {
      "accuracy": {
        "mean": 0.9886479591836734,
        "std": 0.0038137541805423744
      },
      "macro_f1": {
        "mean": 0.9872353684727138,
        "std": 0.004629808726838361
      },
      "ari": {
        "mean": 0.9737895318924285,
        "std": 0.008183957634842785
      }
    },
    "shuffled": {
      "accuracy": {
        "mean": 0.892219387755102,
        "std": 0.010564428184106444
      },
      "macro_f1": {
        "mean": 0.885892237843478,
        "std": 0.005992215914744336
      },
      "ari": {
        "mean": 0.7552238484142726,
        "std": 0.03213801089490777
      }
    },
    "empty": {
      "accuracy": {
        "mean": 0.8931122448979592,
        "std": 0.014768403339319912
      },
      "macro_f1": {
        "mean": 0.8874571314845061,
        "std": 0.01149479686254597
      },
      "ari": {
        "mean": 0.7563079511774361,
        "std": 0.041047712072416684
      }
    }
  },
  "mlp_reference": {
    "accuracy": {
      "mean": 0.8938775510204081,
      "std": 0.01229131296596592
    },
    "macro_f1": {
      "mean": 0.8890251466385841,
      "std": 0.008125376962508283
    },
    "ari": {
      "mean": 0.7563710731343354,
      "std": 0.03705750002919967
    }
  },
  "seeds": [
    0,
    1,
    2,
    42,
    123
  ]
}