{
  "stats": {
    "num_cells": 47329,
    "num_slices": 12,
    "num_edges": 283974,
    "n_domains": 7,
    "n_genes": 50,
    "avg_degree": 12.0
  },
  "mode": "cross_slice",
  "by_model": {
    "xgboost": {
      "accuracy": {
        "mean": 0.6206273309249658,
        "std": 0.004835597010712856,
        "values": [
          0.6272112074082868,
          0.6157341664299915,
          0.6189366189366189
        ]
      },
      "macro_f1": {
        "mean": 0.5161648714369456,
        "std": 0.016185804907590102,
        "values": [
          0.5317233134283427,
          0.5229259937267441,
          0.4938453071557499
        ]
      },
      "ari": {
        "mean": 0.3693246387170495,
        "std": 0.01198482222326903,
        "values": [
          0.37945971142153895,
          0.35249214713577487,
          0.3760220575938349
        ]
      }
    },
    "mlp": {
      "accuracy": {
        "mean": 0.6136450844385122,
        "std": 0.016511960526492123,
        "values": [
          0.6211563575923068,
          0.5907412666856007,
          0.629037629037629
        ]
      },
      "macro_f1": {
        "mean": 0.4841858194114961,
        "std": 0.02377520677270218,
        "values": [
          0.5025592631435962,
          0.45061256212742024,
          0.49938563296347194
        ]
      },
      "ari": {
        "mean": 0.3747180424977727,
        "std": 0.023344347960330077,
        "values": [
          0.3879781470431051,
          0.34190469224481773,
          0.39427128820539514
        ]
      }
    },
    "sage": {
      "accuracy": {
        "mean": 0.79793639442596,
        "std": 0.0014136895878421023,
        "values": [
          0.7990027306185444,
          0.7959386537915365,
          0.7988677988677989
        ]
      },
      "macro_f1": {
        "mean": 0.7547172755879127,
        "std": 0.01631272613364621,
        "values": [
          0.7527636906308635,
          0.7756012321092814,
          0.735786904023593
        ]
      },
      "ari": {
        "mean": 0.6539247638343837,
        "std": 0.017642236161329473,
        "values": [
          0.6557592077736679,
          0.6314587865240403,
          0.6745562972054427
        ]
      }
    }
  }
}