{
  "stats": {
    "num_cells": 4839,
    "num_slices": 1,
    "num_edges": 48390,
    "n_domains": 11,
    "n_genes": 32,
    "avg_degree": 20.0
  },
  "mode": "stratified",
  "by_model": {
    "xgboost": {
      "accuracy": {
        "mean": 0.6615437158469946,
        "std": 0.011721996107739413,
        "values": [
          0.6475409836065574,
          0.6608606557377049,
          0.6762295081967213
        ]
      },
      "macro_f1": {
        "mean": 0.5428655831018081,
        "std": 0.008986426386888218,
        "values": [
          0.5305679792302068,
          0.5517911624995823,
          0.5462376075756352
        ]
      },
      "ari": {
        "mean": 0.43616395125046603,
        "std": 0.02048378117847507,
        "values": [
          0.4086935505677607,
          0.44193606476570735,
          0.45786223841793017
        ]
      }
    },
    "mlp": {
      "accuracy": {
        "mean": 0.7114071038251367,
        "std": 0.01078932308670172,
        "values": [
          0.6967213114754098,
          0.7223360655737705,
          0.7151639344262295
        ]
      },
      "macro_f1": {
        "mean": 0.6320504602072724,
        "std": 0.012548024418807462,
        "values": [
          0.6143983407878157,
          0.639301278594722,
          0.6424517612392794
        ]
      },
      "ari": {
        "mean": 0.5123174404775103,
        "std": 0.02138663852861887,
        "values": [
          0.49098463863435754,
          0.5415517205313756,
          0.5044159622667975
        ]
      }
    },
    "sage": {
      "accuracy": {
        "mean": 0.9713114754098361,
        "std": 0.0016731487314092539,
        "values": [
          0.9692622950819673,
          0.9733606557377049,
          0.9713114754098361
        ]
      },
      "macro_f1": {
        "mean": 0.9599452917423711,
        "std": 0.0020613610073096926,
        "values": [
          0.9587228771159915,
          0.9628484612421153,
          0.9582645368690066
        ]
      },
      "ari": {
        "mean": 0.9467121719279697,
        "std": 0.005699862917177058,
        "values": [
          0.9396276342808237,
          0.953584553460828,
          0.9469243280422576
        ]
      }
    },
    "gat": {
      "accuracy": {
        "mean": 0.9760928961748633,
        "std": 0.004210665302574433,
        "values": [
          0.9713114754098361,
          0.9754098360655737,
          0.9815573770491803
        ]
      },
      "macro_f1": {
        "mean": 0.966333852027887,
        "std": 0.007829837706421613,
        "values": [
          0.9554031291088592,
          0.9702665654149677,
          0.973331861559834
        ]
      },
      "ari": {
        "mean": 0.954210927192916,
        "std": 0.009116745790203096,
        "values": [
          0.9455261843958034,
          0.9503007830588737,
          0.9668058141240707
        ]
      }
    }
  }
}