{
  "stats": {
    "num_cells": 47329,
    "num_slices": 12,
    "num_edges": 283974,
    "n_domains": 7,
    "n_genes": 50,
    "avg_degree": 12.0
  },
  "mode": "cross_slice",
  "by_model": {
    "xgboost": {
      "accuracy": {
        "mean": 0.6206273309249658,
        "std": 0.004835597010712856,
        "values": [
          0.6272112074082868,
          0.6157341664299915,
          0.6189366189366189
        ]
      },
      "macro_f1": {
        "mean": 0.5161648714369456,
        "std": 0.016185804907590102,
        "values": [
          0.5317233134283427,
          0.5229259937267441,
          0.4938453071557499
        ]
      },
      "ari": {
        "mean": 0.3693246387170495,
        "std": 0.01198482222326903,
        "values": [
          0.37945971142153895,
          0.35249214713577487,
          0.3760220575938349
        ]
      }
    },
    "mlp": {
      "accuracy": {
        "mean": 0.615691909315423,
        "std": 0.016237806205914154,
        "values": [
          0.626973762317464,
          0.5927293382561772,
          0.6273726273726273
        ]
      },
      "macro_f1": {
        "mean": 0.48782906959809386,
        "std": 0.02502431922718692,
        "values": [
          0.509917642381396,
          0.45283909375147396,
          0.5007304726614118
        ]
      },
      "ari": {
        "mean": 0.37727943545714043,
        "std": 0.024307965160740512,
        "values": [
          0.39563687061181546,
          0.34292991760865366,
          0.3932715181509522
        ]
      }
    },
    "sage": {
      "accuracy": {
        "mean": 0.7969559224261805,
        "std": 0.0038263686240696264,
        "values": [
          0.8012584589813606,
          0.7919625106503834,
          0.7976467976467977
        ]
      },
      "macro_f1": {
        "mean": 0.754002390683505,
        "std": 0.013485219703767082,
        "values": [
          0.7577027233027847,
          0.768354303856707,
          0.7359501448910234
        ]
      },
      "ari": {
        "mean": 0.6509735394092363,
        "std": 0.019075218700823123,
        "values": [
          0.6542830598349588,
          0.626132980554962,
          0.6725045778377877
        ]
      }
    },
    "gat": {
      "accuracy": {
        "mean": 0.7925687319169711,
        "std": 0.015147050246782322,
        "values": [
          0.8016146266175946,
          0.7712297642715138,
          0.8048618048618048
        ]
      },
      "macro_f1": {
        "mean": 0.7423348135758335,
        "std": 0.0026883826975546495,
        "values": [
          0.7405403674962427,
          0.7403292664312453,
          0.7461348068000129
        ]
      },
      "ari": {
        "mean": 0.65607905456941,
        "std": 0.04009913485060885,
        "values": [
          0.6830830628324182,
          0.5993914211504969,
          0.6857626797253147
        ]
      }
    }
  }
}