{
  "conditions": {
    "intact": {
      "accuracy": {
        "mean": 0.79793639442596,
        "std": 0.0014136895878421023
      },
      "macro_f1": {
        "mean": 0.7547172755879127,
        "std": 0.01631272613364621
      },
      "ari": {
        "mean": 0.6539247638343837,
        "std": 0.017642236161329473
      }
    },
    "shuffled": {
      "accuracy": {
        "mean": 0.6181702345791066,
        "std": 0.013546049344573208
      },
      "macro_f1": {
        "mean": 0.49242671666057286,
        "std": 0.02581088570667396
      },
      "ari": {
        "mean": 0.37807135209279225,
        "std": 0.02974817773776871
      }
    },
    "empty": {
      "accuracy": {
        "mean": 0.6153579175814988,
        "std": 0.017743671059405844
      },
      "macro_f1": {
        "mean": 0.4867581028653747,
        "std": 0.02687751583389994
      },
      "ari": {
        "mean": 0.3755596368126742,
        "std": 0.02535646041032105
      }
    }
  },
  "mlp_reference": {
    "accuracy": {
      "mean": 0.6136450844385122,
      "std": 0.016511960526492123
    },
    "macro_f1": {
      "mean": 0.4841858194114961,
      "std": 0.02377520677270218
    },
    "ari": {
      "mean": 0.3747180424977727,
      "std": 0.023344347960330077
    }
  },
  "seeds": [
    0,
    1,
    2
  ]
}