{
  "conditions": {
    "intact": {
      "accuracy": {
        "mean": 0.9665300546448088,
        "std": 0.003167219431521749
      },
      "macro_f1": {
        "mean": 0.9520399374036869,
        "std": 0.0014982727427522127
      },
      "ari": {
        "mean": 0.9388969018961325,
        "std": 0.007282803253947109
      }
    },
    "shuffled": {
      "accuracy": {
        "mean": 0.6772540983606558,
        "std": 0.01027999791208499
      },
      "macro_f1": {
        "mean": 0.5791920586118716,
        "std": 0.025854509348025568
      },
      "ari": {
        "mean": 0.475880706778595,
        "std": 7.401163203011688e-05
      }
    },
    "empty": {
      "accuracy": {
        "mean": 0.7059426229508197,
        "std": 0.006032623542573679
      },
      "macro_f1": {
        "mean": 0.6122651242504378,
        "std": 0.0009965471868881826
      },
      "ari": {
        "mean": 0.5135067751574875,
        "std": 0.018036710090752774
      }
    }
  },
  "mlp_reference": {
    "accuracy": {
      "mean": 0.7114071038251367,
      "std": 0.01078932308670172
    },
    "macro_f1": {
      "mean": 0.6320504602072724,
      "std": 0.012548024418807462
    },
    "ari": {
      "mean": 0.5123174404775103,
      "std": 0.02138663852861887
    }
  },
  "seeds": [
    0,
    1,
    2
  ]
}